city,overall_rate
اسالم,4.69
اصفهان,4.535
بابلسر,4.6
بندرانزلی,4.64
رامسر,4.69
رشت,4.605
ساری,4.5
سرخرود,4.66
سوادکوه,4.62
شیراز,4.6
شیرگاه,4.62
تالش/هشتپر,4.66
تبریز,4.44
تنکابن/شهسوار,4.665
تهران,4.44
فومن,4.725
قشم,4.54
قم,4.47
لاهیجان,4.57
نوشهر,4.4350000000000005
ماسال,4.69
محمودآباد,4.595
مشهد,4.35
متل قو,4.66
کاشان,4.615
کردان,4.53
کلاردشت,4.7
کیش,4.6
گرگان,4.53
چالوس,4.63
یزد,4.6
