city,overall_rate
فومن,4.725
کلاردشت,4.7
اسالم,4.69
ماسال,4.69
رامسر,4.69
تنکابن/شهسوار,4.665
تالش/هشتپر,4.66
سرخرود,4.66
متل قو,4.66
بندرانزلی,4.64
چالوس,4.63
سوادکوه,4.62
کاشان,4.615
رشت,4.605
کیش,4.6
یزد,4.6
شیراز,4.6
بابلسر,4.6
محمودآباد,4.595
لاهیجان,4.57
قشم,4.54
اصفهان,4.535
کردان,4.53
گرگان,4.53
ساری,4.5
قم,4.47
تهران,4.44
تبریز,4.44
نوشهر,4.4350000000000005
مشهد,4.35
شیرگاه,4.62
